legacy_filename,restored_filename
MH4B05~5.HTM,mh3dAbout_Navigating_Around_A_Window.html
MHEC41~5.HTM,mh3dAbout_Navigating__Part_2.html
MH94F4~5.HTM,mh3dAdd_Object_to_Choreography.html
MH3DAI~2.HTM,mh3dAim_Roll_At_Constraints.html
MH3DAP~2.HTM,mh3dApplyingRemoving_Decals.html
MH3DAT~1.HTM,mh3dAttaching_Control_Points.html
MH2ADD~5.HTM,mh3dBones_Quick_Start_Page_2.html
MH2AD7~5.HTM,mh3dBones_Quick_Start_Page_3.html
MH2AD9~5.HTM,mh3dBones_Quick_Start_Page_4.html
MH3DCH~1.HTM,mh3dChannel_Add_Control_Poin.html
MH961B~5.HTM,mh3dChannel_Interpolation_Methods.html
MH3DCL~2.HTM,mh3dClearing_Skeletal_Actions.html
MH3DCR~2.HTM,mh3dCreating_a_new_material.html
MH3DCR~3.HTM,mh3dCreating_Muscle_Motions.html
MH734B~5.HTM,mh3dCreating_Skeletal_Motions.html
MH3DDI~3.HTM,mh3dDisplacementFractal_Map.html
MH3DDI~4.HTM,mh3dDisplay_Background_Color.html
MH3DGE~2.HTM,mh3dGetting_Assistance_While_You_Wor.html
MH3DMA~2.HTM,mh3dManipulator_Mode_Toolbar_popup.html
MH3DMO~3.HTM,mh3dModeling_Simple_Objects.html
MH3DOR~2.HTM,mh3dOrient_Like_Constraints.html
MH3DRO~1.HTM,mh3dRotate_Mode_Manipulator.html
MH3DSA~3.HTM,mh3dSaving_Skeletal_Actions.html
MH3DSM~2.HTM,mh3dSmooth_or_Peaked_Control_Points_.html
MH3DSN~1.HTM,mh3dSnap_Manipulator_to_Grid.html
MH3DSP~3.HTM,mh3dSpherical_Limits_Constraints.html
MH7967~5.HTM,mh3dStatus_Bar_View_Controls.html
MH3DTR~1.HTM,mh3dTranslate_Mode_Manipulator.html
MH3DTR~2.HTM,mh3dTranslate_To_Constraints.html
